Version,Test_Gender_Accuracy,Test_Age_MAE
v1,0.8873358746293943,5.1825223
v2,0.9040660736975857,5.096104
v3,0.8875476493011436,5.05428
v4,0.8949597628123677,5.108743
